domain,pg_rank
google.com,10
instagram.com,10
microsoft.com,8.52
ibm.com,8.11
apple.com,8.01
mozilla.org,8
adobe.com,7.88
zoom.us,7.52
salesforce.com,7.49
tripadvisor.com,7.46
slack.com,7.31
overcast.fm,7.3
automattic.com,7.29
oracle.com,7.28
newsblur.com,7.27
hubspot.com,7.25
pluralsight.com,7.22
netflix.com,7.14
whatsapp.com,7.08
sap.com,6.87
intel.com,6.83
dell.com,6.81
jotform.com,6.77
oculus.com,6.76
vmware.com,6.75
mcafee.com,6.74
hp.com,6.71
zendesk.com,6.71
tableau.com,6.64
autodesk.com,6.6
cvent.com,6.59
checkpoint.com,6.59
webex.com,6.58
sendgrid.com,6.55
dynatrace.com,6.54
newrelic.com,6.54
redhat.com,6.52
wrike.com,6.52
cloudinary.com,6.51
siemens.com,6.51
docusign.com,6.51
sas.com,6.5
sony.com,6.49
ge.com,6.48
akamai.com,6.47
jwplayer.com,6.47
splunk.com,6.47
ripple.com,6.46
pipedrive.com,6.45
nuance.com,6.45
zend.com,6.45
venmo.com,6.45
telerik.com,6.43
qualtrics.com,6.41
malwarebytes.com,6.4
seagate.com,6.4
pantheon.io,6.38
citrix.com,6.38
smartsheet.com,6.38
clover.com,6.35
punchbowl.com,6.35
mathworks.com,6.35
g2.com,6.35
emc.com,6.35
panic.com,6.33
brightcove.com,6.33
liveperson.com,6.33
calm.com,6.32
magento.com,6.32
wolfram.com,6.31
mindbodyonline.com,6.28
brainshark.com,6.25
juniper.net,6.24
medallia.com,6.22
overdrive.com,6.21
docker.com,6.21
synopsys.com,6.2
3ds.com,6.2
rememberthemilk.com,6.2
thoughtworks.com,6.19
expensify.com,6.19
efilecabinet.com,6.19
intuit.com,6.18
bentley.com,6.18
instructure.com,6.17
microfocus.com,6.15
fastly.com,6.15
tibco.com,6.14
fortinet.com,6.14
rsa.com,6.14
marketo.com,6.14
gigya.com,6.14
looker.com,6.14
doximity.com,6.13
blockstream.com,6.12
zoominfo.com,6.11
realnetworks.com,6.11
snagajob.com,6.1
retailmenot.com,6.1
rosettastone.com,6.09
progress.com,6.09
inkling.com,6.08
webroot.com,6.08
marklogic.com,6.07
zello.com,6.07
omnigroup.com,6.07
cloudera.com,6.06
jobvite.com,6.06
mongodb.com,6.06
presonus.com,6.06
imperva.com,6.06
data-telinc.net,3.58
piazza.com,6.06
sugarcrm.com,6.06
isc.org,6.05
opentext.com,6.04
okta.com,6.04
opentext.com,6.04
pivotal.io,6.04
fico.com,6.04
sugarsync.com,6.04
domo.com,6.03
ontraport.com,6.02
pagerduty.com,6.02
datadoghq.com,6.02
codeweavers.com,6.02
ncr.com,6.02
vuze.com,6.01
glitch.com,6.01
zuora.com,6.01
leadtools.com,6.01
dellemc.com,6.01
palantir.com,6
kaltura.com,6
genesys.com,6
pingidentity.com,5.99
fisglobal.com,5.99
solarwinds.com,5.98
zscaler.com,5.98
seeclickfix.com,5.98
veeam.com,5.97
workday.com,5.96
newtek.com,5.95
onelogin.com,5.95
mulesoft.com,5.94
microstrategy.com,5.94
liquidplanner.com,5.94
informatica.com,5.92
rhythmone.com,5.92
cerner.com,5.92
caspio.com,5.92
riskiq.com,5.92
harman.com,5.91
insight.com,5.91
sawtoothsoftware.com,5.9
bmc.com,5.9
coronalabs.com,5.9
greenhouse.io,5.9
icims.com,5.89
ceridian.com,5.89
sungard.com,5.89
carbonblack.com,5.89
qualys.com,5.89
perforce.com,5.88
izotope.com,5.88
roguewave.com,5.42
infor.com,5.87
recordedfuture.com,5.87
veracode.com,5.87
ipswitch.com,5.87
coda.io,5.87
tripwire.com,5.87
smartbear.com,5.86
saucelabs.com,5.86
uaudio.com,5.86
databricks.com,5.85
hortonworks.com,5.85
grabcad.com,5.85
cadence.com,5.85
kofax.com,5.85
nortonlifelock.com,5.85
brandfolder.com,5.85
daz3d.com,5.85
nationbuilder.com,5.84
logmeininc.com,5.84
epam.com,5.84
sumologic.com,5.84
caliper.com,5.84
netscout.com,5.84
borisfx.com,5.83
pkware.com,5.83
shopkick.com,5.83
eonreality.com,5.82
wanderu.com,5.82
itasoftware.com,5.82
tylertech.com,5.82
telenav.com,5.82
ecoatm.com,5.27
forcepoint.com,5.82
hubstaff.com,5.82
jivesoftware.com,5.82
parc.com,5.82
workfront.com,5.81
procore.com,5.81
intego.com,5.81
mapr.com,5.81
universal-robots.com,5.81
sonicsolutionsusa.com,3.51
roxio.com,5.8
sonycreativesoftware.com,5.8
marketingcloud.com,5.8
windriver.com,5.8
ngpvan.com,5.79
pega.com,5.79
uipath.com,5.79
namely.com,5.79
bluemarblegeo.com,5.79
motus.com,5.79
tubemogul.com,5.78
epic.com,5.78
bullhorn.com,5.78
verint.com,5.77
pandadoc.com,5.77
plangrid.com,5.77
techchange.org,5.77
gotobus.com,5.76
martiancraft.com,5.76
zerofox.com,5.76
slicelife.com,5.76
socialtext.com,5.76
civicplus.com,5.75
uservoice.com,5.75
conversocial.com,5.75
ivanti.com,5.75
loggly.com,5.75
kronos.com,5.75
helpscout.com,5.74
talkdesk.com,5.74
oceanhousemedia.com,5.74
letgo.com,5.74
pgp.com,5.74
swiftype.com,5.73
fishbowlinventory.com,5.73
channeladvisor.com,5.73
swappa.com,5.73
osisoft.com,5.73
enterprisedb.com,5.72
qiagen.com,5.72
coupa.com,5.72
about.coursera.org,5.72
sorensonmedia.com,5.72
thoughtspot.com,5.72
mindtouch.com,5.72
dynamicyield.com,5.71
stackify.com,5.71
mixamo.com,5.71
wikispaces.com,5.71
networkedinsights.com,5.71
videologygroup.com,5.71
dnnsoftware.com,5.71
hiveage.com,5.71
dataviz.com,5.7
dreambox.com,5.7
entrust.com,5.7
zetaglobal.com,5.7
inmarket.com,5.7
naviance.com,5.69
conductor.com,5.69
mrisoftware.com,5.68
quest.com,5.68
ideascale.com,5.68
concentricsky.com,5.68
bluebeam.com,5.67
glooko.com,5.67
knewton.com,5.67
digitalguardian.com,5.67
enthought.com,5.67
marinersoftware.com,5.67
nanex.net,5.66
citrixonline.com,5.66
code42.com,5.83
cradlepoint.com,5.66
zimperium.com,5.66
quark.com,5.66
rocketsoftware.com,5.66
vocus.com,5.65
mlab.com,5.65
sirsidynix.com,5.65
wso2.com,5.65
scality.com,5.65
hitachivantara.com,5.65
questvisual.com,5.64
monetate.com,5.64
quickbase.com,5.64
mobileiron.com,5.64
servicenow.com,5.64
parasoft.com,5.64
cambridgesemantics.com,5.64
web.com,5.64
veritas.com,5.63
clarifai.com,5.63
gooddata.com,5.63
evrythng.com,5.63
emplify.com,5.62
sumtotalsystems.com,5.62
magoosh.com,5.62
netdocuments.com,5.62
icewarp.com,5.62
rightsignature.com,5.62
zipbooks.com,5.62
thryv.com,5.61
dejal.com,5.61
rallypoint.com,5.61
bettercloud.com,5.61
inedo.com,5.61
vertica.com,5.61
borland.com,5.61
broadsoft.com,5.61
ready4.com,5.61
skyward.com,5.6
lucidworks.com,5.6
rediker.com,5.6
support.com,5.59
socialflow.com,5.59
prolexic.com,5.59
condusiv.com,5.59
scvngr.com,5.59
widen.com,5.59
thebrain.com,5.58
cockroachlabs.com,5.58
telligent.com,5.58
booker.com,5.58
pingboard.com,5.58
ariba.com,5.58
jackhenry.com,5.58
univa.com,5.58
claris.com,5.57
intersystems.com,5.57
figure53.com,5.57
radius.com,5.57
goguardian.com,5.57
iteris.com,5.57
fetchsoftworks.com,5.56
rapidsos.com,5.56
kerio.com,5.56
infogix.com,5.56
covermymeds.com,5.56
enigma.com,5.56
publicissapient.com,5.56
thinksai.com,5.56
fellowshipone.com,5.56
atlas-games.com,5.56
intercall.com,5.55
dscience.com,4.38
nextgen.com,5.55
starwindsoftware.com,5.55
hellowallet.com,5.54
evergage.com,5.54
objectsecurity.com,5.54
fiscalnote.com,5.53
nthrive.com,5.53
miva.com,5.53
guidancesoftware.com,5.53
tippingpoint.org,5.52
magaya.com,5.52
echonest.com,5.52
ghs.com,5.52
clarizen.com,5.51
good.com,5.51
shopkeep.com,5.51
guidewire.com,5.51
techdata.com,5.51
wandisco.com,5.51
dataart.com,5.51
nusphere.com,5.51
ultimatesoftware.com,5.5
lionbridge.com,5.5
fungible.com,5.5
platfora.com,5.5
eyesopen.com,5.5
enterasys.com,5.5
cyfe.com,5.5
highfidelity.com,5.5
portalarium.com,5.49
delorme.com,5.49
veeva.com,5.49
cloudhealthtech.com,5.49
moovweb.com,5.49
antheminc.com,5.49
salesforceiq.com,5.49
optoro.com,5.49
twocanoes.com,5.49
financialforce.com,5.49
dreamfactory.com,5.48
socialchorus.com,5.48
greenwavesystems.com,5.48
engagio.com,5.48
humanyze.com,5.48
moxiesoft.com,5.48
learningtree.com,5.48
electric-cloud.com,5.48
ics.com,5.48
kareo.com,5.48
terracotta.org,5.47
xebialabs.com,5.47
wibidata.com,5.47
blackline.com,5.47
gupshup.io,5.47
fastspring.com,5.47
sogosurvey.com,5.47
netwrix.com,5.47
nuemd.com,5.47
lynx.com,5.47
workiva.com,5.47
strongloop.com,5.47
cleo.com,5.46
genarts.com,5.46
trumpia.com,5.46
nuodb.com,5.46
varonis.com,5.46
janusvr.com,5.46
nodejitsu.com,5.46
bronto.com,5.45
fixstars.com,5.45
rewardstyle.com,5.45
bromium.com,5.45
datalight.com,5.45
forwardnetworks.com,5.45
dialogic.com,5.44
revolutionanalytics.com,5.44
tricentis.com,5.44
diffeo.com,5.44
masergy.com,5.44
enterprisealumni.com,5.44
epicor.com,5.44
insilicomedicine.com,5.44
versant.com,5.44
mavenir.com,5.43
cyberark.com,5.43
intetics.com,5.43
spatial.com,5.43
convoy.com,5.42
railinc.com,5.42
qcware.com,5.42
handmark.com,5.42
mvista.com,5.42
rainstor.com,5.42
helpsystems.com,5.42
sonicfoundry.com,5.42
broadleafcommerce.com,5.42
precise.com,5.42
xinuos.com,5.42
helpsystems.com,5.42
pervasive.com,5.41
windwardstudios.com,5.41
callminer.com,5.41
walkerdigital.com,5.41
collaborativedrug.com,5.41
qad.com,5.41
ctera.com,5.41
daintree.net,5.4
webassist.com,5.4
renderx.com,5.4
kamakuraco.com,5.4
inbenta.com,5.4
integrationpoint.com,5.4
timesys.com,5.4
digitalriver.com,5.4
radview.com,5.4
dimins.com,5.4
quid.com,5.4
mediapolis.com,5.39
witlingo.com,5.39
pristine.io,5.39
hexagonppm.com,5.39
ibi.com,5.39
dimdim.com,5.39
tufin.com,5.39
zsl.com,5.39
cloudsight.ai,5.39
vicarious.com,5.39
lavastorm.com,5.39
reactiondesign.com,5.39
selfcad.com,5.39
rocketium.com,5.38
imply.io,5.38
numerix.com,5.38
telogis.com,5.38
blitz.io,5.38
unicomglobal.com,5.38
talygen.com,5.38
sealevel.com,5.38
benchprep.com,5.38
ois.com,5.38
intervalzero.com,5.38
openit.com,5.38
casebook.net,5.38
keap.com,5.37
netcracker.com,5.37
pyze.com,5.36
pros.com,5.36
imagesourceinc.com,5.36
kurzweiledu.com,5.36
buildium.com,5.35
zumobi.com,5.35
globalscape.com,5.35
venafi.com,5.35
sqlstream.com,5.35
planview.com,5.34
voxeet.com,5.34
sarnoff.com,5.34
haivision.com,5.33
evoice.com,5.33
opengov.com,5.33
bloomfire.com,5.32
fieldglass.com,5.32
smithmicro.com,5.32
revionics.com,5.32
falconstor.com,5.31
floqast.com,5.31
tracking-point.com,5.31
invitemedia.com,5.31
signalfx.com,5.31
sansar.com,5.31
modmed.com,5.3
netmotionsoftware.com,5.3
calliduscloud.com,5.29
clicksoftware.com,5.29
digitalreasoning.com,5.29
devicescape.com,5.28
cherwell.com,5.28
infinidat.com,5.28
deepscale.ai,5.28
envivio.com,5.27
zadara.com,5.27
grammatech.com,5.27
plex.com,5.27
tractionsoftware.com,5.27
ssctech.com,5.27
dealpath.com,5.27
lightspeedsystems.com,5.27
lunarg.com,5.26
koombea.com,5.26
hoopla.net,5.26
matroid.com,5.26
nomagic.com,5.26
mimedia.com,5.26
xactlycorp.com,5.25
prepme.com,5.25
hyland.com,5.25
redtouchmedia.com,5.25
hyland.com,5.25
logianalytics.com,5.25
mindgrub.com,5.25
turbonomic.com,5.24
zeroc.com,5.24
careers.blackboard.com,5.24
serena.com,5.24
gridpoint.com,5.24
skytap.com,5.24
srcclr.com,5.24
cloudendure.com,5.23
eci.com,5.23
qxbranch.com,5.23
sageintacct.com,5.22
jkoolcloud.com,5.22
medidata.com,5.22
jadu.net,5.21
kinoma.com,5.21
mitchell.com,5.2
precisely.com,5.2
smarsh.com,5.19
kenandy.com,5.19
salvagedata.com,5.19
opendatasoft.com,5.19
leadspace.com,5.18
virtusa.com,5.18
dieselpoint.com,5.18
searchtechnologies.com,5.18
deacom.com,5.18
kana.com,5.17
lexalytics.com,5.17
silkroad.com,5.17
daysmart.com,5.17
instabase.com,5.16
redcort.com,5.16
shipworks.com,5.16
raindance.com,5.15
vesess.com,5.15
metasaas.com,5.15
iggsoftware.com,5.15
lrs.com,5.15
skyhook.com,5.15
visio.com,5.14
grouplogic.com,5.14
jobs.masstransitmag.com,3.75
looksery.com,5.13
impetus.com,5.13
dtsearch.com,5.13
dailyjournal.com,5.13
townnews365.com,5.13
zlti.com,5.13
madcapsoftware.com,5.13
mi9retail.com,5.13
toptenwholesale.com,5.13
kinetica.com,5.13
networkautomation.com,5.13
encore.com,5.12
ncino.com,5.12
zango.com,5.12
multicorewareinc.com,5.11
redbend.com,5.11
velocify.com,5.11
revolutionprep.com,5.11
smartface.io,5.1
raxco.com,5.1
soliddocuments.com,5.1
intelligrated.com,5.1
ntst.com,5.1
cincom.com,5.1
gocatalant.com,5.1
cloudwords.com,5.09
ciright.com,5.09
divide.com,5.09
furbo.com,5.09
xangati.com,5.08
newatlanta.com,5.08
netsoltech.com,5.08
crowdoptic.com,5.07
bywatersolutions.com,5.07
iretron.com,5.07
novastor.com,5.06
veriato.com,5.06
cybra.com,5.06
sopheon.com,5.06
mitchell1.com,5.06
usfleettracking.com,5.06
zugara.com,5.05
keyedin.com,5.05
labware.com,5.05
virsto.com,5.05
translattice.com,5.05
radiantlogic.com,5.04
brightmachines.com,5.04
guidance.com,5.04
eggplantsoftware.com,5.04
sitrion.com,5.04
knoa.com,5.03
retailsolutions.com,5.03
ximxim.com,5.03
unica.com,5.03
splendidcrm.com,5.03
exelatech.com,5.02
jrebel.com,5.02
catalystsecure.com,5.02
tokenex.com,5.02
qarbon.com,5.02
pssclabs.com,5.02
velaro.com,5.01
sli-systems.com,5
enli.net,5
thegoldensource.com,5
seriousmagic.com,4.99
inxight.com,4.99
intervideo.com,4.98
versive.com,4.98
hilgraeve.com,4.98
lockpath.com,4.97
meditech.com,4.97
vistagy.com,4.97
julysystems.com,4.97
vlingo.io,4.96
sonicreality.com,4.96
rangenetworks.com,4.95
privatecore.com,4.95
livetext.com,4.95
inetsoft.com,4.95
bluetalon.com,4.94
venda.com,4.94
intelliscanner.com,4.93
coherentsolutions.com,4.92
vitechcorp.com,4.92
chromeriver.com,4.92
pianowizardacademy.com,4.92
flok.com,4.92
reyrey.com,4.92
symphonicsource.com,4.91
covisint.com,4.91
pathguide.com,4.9
via3.com,4.9
iqms.com,4.9
daon.com,4.9
datalogic.com,4.9
numecent.com,4.9
virtuallogix.com,4.9
brandlive.com,3.45
bigfix.com,4.89
iri.com,4.89
egenera.com,4.89
secure64.com,4.89
hcentive.com,4.88
docudesk.com,4.88
modeln.com,4.88
panologic.com,4.87
maponics.com,4.87
qsensei.com,4.87
limnu.com,4.87
cepstral.com,4.86
thunderstone.com,4.86
uplandsoftware.com,5.51
nextpage.com,4.85
sensage.com,4.85
cd-adapco.com,4.85
itko.com,4.85
verivo.com,4.85
jungo.com,4.85
kiswe.com,4.84
usatech.com,4.84
tomsawyer.com,4.84
opengear.com,4.84
zywave.com,4.83
kxen.com,4.83
knowland.com,4.82
taltech.com,4.82
retinax.com,4.82
seersystems.com,4.82
luminex.com,4.82
opentext.com,6.04
yapinc.org,5.37
ciphergraph.com,4.81
foodserve.com,4.81
kineto.com,4.81
connectbeam.com,4.81
yalochat.com,4.81
fatkat.com,4.81
contextlabs.com,4.79
nexidia.com,4.79
tritech.com,4.79
expressmetrix.com,4.79
mathsoft.com,4.79
oeconnection.com,4.78
mformation.com,4.78
zylab.com,4.77
dynamicops.com,4.77
palamida.com,4.76
sunquestinfo.com,4.76
stratadecision.com,5.25
plateau.com,4.75
p-cube.com,4.75
wrightsoft.com,4.75
repliweb.com,4.74
knightsecurity.com,4.74
willdan.com,4.74
bigmachines.com,4.74
collaboratemd.com,4.73
solidcore.com,4.73
veveo.net,4.73
thebombfactory.com,4.73
virtutech.com,4.72
metamatrix.com,4.72
disti.com,4.72
joulex.net,4.72
mastercam.com,4.72
toatech.com,4.71
trilogy.com,4.71
worldox.com,4.71
codedx.com,4.71
intentional.com,4.7
proofpilot.com,4.7
gses.com,4.7
workingpoint.com,4.7
eclipsys.com,4.7
quantum3d.com,4.7
flow3d.com,4.7
goverlan.com,4.7
recondotech.com,4.69
ibml.com,4.69
dreamhammer.com,4.68
mindfireinc.com,4.68
hottrix.com,4.68
centerspace.net,4.68
elanex.com,4.67
digitalfuel.com,4.67
tek-tools.com,4.67
mclaneat.com,4.67
marathontechnologies.com,4.66
numarasoftware.com,4.66
sios.com,4.66
speechfxinc.com,4.66
teletype.com,4.65
stepstoneglobal.com,4.65
democrasoft.com,4.65
ntractive.com,4.65
digital-assembly.com,4.65
merricksystems.com,4.64
eagleinvsys.com,4.63
cambiumlearning.com,4.63
softwareshelf.com,4.62
spectrum-soft.com,4.62
meridiansystems.com,4.62
finalcode.com,4.61
replaysolutions.com,4.61
micromuse.com,4.6
consona.com,4.6
flexsim.com,4.6
pv.com,4.6
meridianks.com,4.58
omnovia.com,4.58
versata.com,4.58
rw3.com,4.56
statease.com,4.55
sourcehov.com,4.54
ukg.com,4.52
write-bros.com,4.5
telmar.com,4.5
johngalt.com,4.49
coderebel.com,4.48
causata.com,4.48
datacap.com,4.48
ddci.com,4.47
iterating.com,4.46
signaldemand.com,4.46
politicit.com,4.45
solidodesign.com,4.43
doradosoftware.com,4.43
careers.teradata.com,4.42
nettimesolutions.com,4.41
callware.com,4.4
snapforce.com,4.4
softech-inc.net,2.98
pass-port.com,4.39
platesmart.com,4.37
mavenir.com,5.43
mma5.unitedfirstfinancial.com,2.43
eng-software.com,4.34
digitalkeystone.com,4.32
languagecomputer.com,4.31
conserviscorp.com,4.31
blog.explorelearning.com,4.31
cupcakedigital.com,4.3
datem.com,4.3
bluespace.com,4.29
redcedartech.com,4.28
encompass8.com,4.28
finnav.com,4.27
veramark.com,4.26
bestwaytech.com,4.26
utopicsoftware.com,4.26
phase2.com,4.24
circlecommerce.com,4.23
tenasys.com,4.23
certpointsystems.com,4.23
virsa.com,4.23
transzap.com,4.22
pmdg.com,4.18
semantic-ai.com,4.17
peerstream.com,4.17
seismicmicro.com,4.13
octagonsystems.com,4.13
vtinfo.com,4.12
enertia-software.com,4.09
igearonline.com,4.09
simerics.com,4.08
bluelink.org,4.06
campusconsortium.org,4.05
unicomgov.com,4.05
osi.com,4.04
razlee.com,4.04
newblueinc.com,4.02
firehole.com,4
magicbytes.com,3.98
quantapoint.com,3.97
contacttelecom.com,3.94
bluewaregroup.com,3.94
profitkey.com,3.92
tactician.com,3.91
intellitrack.com,3.88
razorthreat.com,3.88
qterics.com,3.86
neurodimension.com,3.83
classranked.com,3.82
innerfour.com,3.82
bristol.cttech.org,3.78
careers.commvault.com,3.76
careers.mathematica.org,3.74
pattondesign.com,3.71
govbizconnect.com,3.7
rxalldelivered.com,3.69
ust.com,3.48
steelconnectinc.com,3.47
mi-case.com,3.46
seven.com,5.17
essigplm.com,4.4
snappygifts.com,2.95
figarosystems.com,2.91
proofpoint.net,2.73
druglogic.com,2.64
